Date Taken,Temperature,Humidity,VOC,PM2.5,PM10,hour,day_of_week,month
2025-03-08 00:00:00,0.5571778061716275,0.04616492016408702,0.3447430512165741,0.757464538752284,0.014928629548981227,0.0,0.8333333333333334,0.25
2025-03-08 00:05:00,0.5656448819985003,0.14591333723861688,0.23150188703706479,0.8103119070765354,0.45888434295045877,0.0,0.8333333333333334,0.25
2025-03-08 00:10:00,0.7095851710553416,0.4042361609444506,0.38390562049532106,0.19584928554371428,0.23976903774292999,0.0,0.8333333333333334,0.25
2025-03-08 00:15:00,0.4471058204222782,0.3812172954657128,0.9281709658330876,0.33647702837265436,0.3324116133413626,0.0,0.8333333333333334,0.25
2025-03-08 00:20:00,0.506375351210389,0.7750956603241127,0.3640884167639069,0.26213242547582616,0.7607534095071493,0.0,0.8333333333333334,0.25
2025-03-08 00:25:00,0.4471058204222782,0.6881355018488816,0.3650320931320695,0.8936136910452707,0.26162852187289726,0.0,0.8333333333333334,0.25
2025-03-08 00:30:00,0.20156062144296105,0.7853262672035516,0.8757969274000644,0.8613678391864055,0.34021857195920807,0.0,0.8333333333333334,0.25
2025-03-08 00:35:00,0.03221910490550073,0.6523283777708452,0.8078522288923589,0.05074295217882062,0.35583248919489896,0.0,0.8333333333333334,0.25
2025-03-08 00:40:00,0.7773217776703256,0.6267518605722476,0.37116598952512625,0.5738423267781902,0.3506278501163353,0.0,0.8333333333333334,0.25
2025-03-08 00:45:00,0.7857888534971984,0.6369824674516867,0.4317971961795718,0.37051431644590105,0.021174196443257583,0.0,0.8333333333333334,0.25
2025-03-08 00:50:00,0.6672497919209763,0.6574436812105647,0.39900444238592225,0.6616227012828789,0.45784341513474613,0.0,0.8333333333333334,0.25
2025-03-08 00:55:00,0.34550091049980214,0.8364793016007465,0.12179950923816521,0.1465847896482257,0.7014205240115239,0.0,0.8333333333333334,0.25
2025-03-08 01:00:00,0.5741119578253735,0.5039845780189803,0.8828745001612838,0.6840156539626465,0.17471104926088463,0.043478260869565216,0.8333333333333334,0.25
2025-03-08 01:05:00,0.9466632942077857,0.8109027844021491,0.6922518737924431,0.025662845177480978,0.10392795779241926,0.043478260869565216,0.8333333333333334,0.25
2025-03-08 01:10:00,0.21002769726983384,0.3147183507493597,0.636574968070851,0.17256061475675605,0.27203780003002453,0.043478260869565216,0.8333333333333334,0.25
2025-03-08 01:15:00,0.5487107303447543,0.16125924755777532,0.5650914831825359,0.026558563284671682,0.6550992362123077,0.043478260869565216,0.8333333333333334,0.25
2025-03-08 01:20:00,0.24389600057732608,0.22775819227412863,0.5985919942523074,0.8497235037929263,0.3454232110377717,0.043478260869565216,0.8333333333333334,0.25
2025-03-08 01:25:00,0.5656448819985003,0.7674227051645334,0.9739392696889725,0.4556075366290177,0.4515978482404698,0.043478260869565216,0.8333333333333334,0.25
2025-03-08 01:30:00,0.6926510194015951,0.841594605040466,0.010445697794981085,0.37499290698185456,0.044595072296793915,0.043478260869565216,0.8333333333333334,0.25
2025-03-08 01:35:00,0.39630336546103995,0.4809657125402428,0.08995043181267823,0.4735218987728317,0.8440276347641673,0.043478260869565216,0.8333333333333334,0.25
2025-03-08 01:40:00,0.03221910490550073,0.47329275738066345,0.14444774207406705,0.5433879111337064,0.41100166342767347,0.043478260869565216,0.8333333333333334,0.25
2025-03-08 01:45:00,0.8365913084584369,0.16893220271735443,0.935012619502266,0.9536268042270477,0.7279641833121985,0.043478260869565216,0.8333333333333334,0.25
2025-03-08 01:50:00,0.37090213798042115,0.16637455099749465,0.8253102417033665,0.352599954302087,0.9585296944925672,0.043478260869565216,0.8333333333333334,0.25
2025-03-08 01:55:00,0.09148863569361176,0.012915447805910474,0.5051680338042122,0.20301503040123986,0.8101974807535037,0.043478260869565216,0.8333333333333334,0.25
2025-03-08 02:00:00,0.5741119578253735,0.7341732328063569,0.42165267522182415,0.5460750654552785,0.8898284586555273,0.08695652173913043,0.8333333333333334,0.25
2025-03-08 02:05:00,0.438638744595405,0.20473932679539075,0.08027774903901178,0.9966212733722014,0.29233589243642266,0.08695652173913043,0.8333333333333334,0.25
2025-03-08 02:10:00,0.04068618073237351,0.6165212536928087,0.21829041788278872,0.49770628766698066,0.37925336504843526,0.08695652173913043,0.8333333333333334,0.25
2025-03-08 02:15:00,0.9635974458615317,0.6651166363701438,0.327520957497607,0.9052580264387498,0.8180044393713491,0.08695652173913043,0.8333333333333334,0.25
2025-03-08 02:20:00,0.1507581664817228,0.6881355018488816,0.4759140663911724,0.38215865183938014,0.16794501845875193,0.08695652173913043,0.8333333333333334,0.25
2025-03-08 02:25:00,0.7773217776703256,0.4298126781430479,0.5532955285805037,0.7601516930738561,0.3246046547235172,0.08695652173913043,0.8333333333333334,0.25
2025-03-08 02:30:00,0.9635974458615317,0.4221397229834686,0.346158565768818,0.22809513740257947,0.034706258047523024,0.08695652173913043,0.8333333333333334,0.25
2025-03-08 02:35:00,0.523309502864135,0.516772836618279,0.13335954474815673,0.41530022180543613,0.826331861897051,0.08695652173913043,0.8333333333333334,0.25
2025-03-08 02:40:00,0.38783628963416716,0.9873807530724711,0.532534648480927,0.2988568678706449,0.10548934951598837,0.08695652173913043,0.8333333333333334,0.25
2025-03-08 02:45:00,0.05762033238611952,0.23543114743370774,0.8087959052605214,0.7090957609639863,0.5567315576274551,0.08695652173913043,0.8333333333333334,0.25
2025-03-08 02:50:00,0.4471058204222782,0.2200852371145493,0.18172295861648882,0.13673189046912798,0.4073584160726789,0.08695652173913043,0.8333333333333334,0.25
2025-03-08 02:55:00,0.9805315975152777,0.23798879915356752,0.7311785239791495,0.9097366169747033,0.4250541889397952,0.08695652173913043,0.8333333333333334,0.25
2025-03-08 03:00:00,0.06608740821299275,0.5397917020970165,0.14090895569345738,0.847932067578545,0.16065852374876283,0.13043478260869565,0.8333333333333334,0.25
2025-03-08 03:05:00,0.4555728962491512,0.06151083048324557,0.9253399367285998,0.2137636476875283,0.04979971137535754,0.13043478260869565,0.8333333333333334,0.25
2025-03-08 03:10:00,0.9381962183809129,0.9464583255547151,0.18077928224832626,0.7117829152855584,0.24185089337435542,0.13043478260869565,0.8333333333333334,0.25
2025-03-08 03:15:00,0.7180522468822144,0.5449070055367361,0.6847024628471425,0.6347511580671579,0.9632138696632744,0.13043478260869565,0.8333333333333334,0.25
2025-03-08 03:20:00,0.7773217776703256,0.3812172954657128,0.257924825345617,0.7449244852516143,0.9866347455168107,0.13043478260869565,0.8333333333333334,0.25
2025-03-08 03:25:00,0.2946984555385639,0.8646134705192033,0.7698692550738151,0.6087753329586276,0.4432704257147679,0.13043478260869565,0.8333333333333334,0.25
2025-03-08 03:30:00,0.8027230051509444,0.33773721622809727,0.3395528311916799,0.04268148921410431,0.4026742409019716,0.13043478260869565,0.8333333333333334,0.25
2025-03-08 03:35:00,0.8450583842853097,0.028261358125068803,0.3416761030200457,0.2316780098313423,0.6701926895401421,0.13043478260869565,0.8333333333333334,0.25
2025-03-08 03:40:00,0.9212620667271669,0.4886386676998219,0.20696630146483783,0.39111583291128715,0.5869184642831241,0.13043478260869565,0.8333333333333334,0.25
2025-03-08 03:45:00,0.49790827538351623,0.24566175431314663,0.7151360257203856,0.715365787714321,0.31835908782924077,0.13043478260869565,0.8333333333333334,0.25
2025-03-08 03:50:00,0.1507581664817228,0.15102864067833643,0.07626712447432085,0.8855522280805543,0.3256455825392299,0.13043478260869565,0.8333333333333334,0.25
2025-03-08 03:55:00,0.5571778061716275,0.34796782310753616,0.8269616753476511,0.7090957609639863,0.9845528898853853,0.13043478260869565,0.8333333333333334,0.25
2025-03-08 04:00:00,0.7434534743628336,0.9694771910334529,0.29614371825620134,0.9482524955839035,0.5218604758010787,0.17391304347826086,0.8333333333333334,0.25
2025-03-08 04:05:00,0.8111900809778176,0.8646134705192033,0.022713490581094592,0.8649507116151682,0.40215377699411525,0.17391304347826086,0.8333333333333334,0.25
2025-03-08 04:10:00,0.5630954014382348,0.050859173002841596,0.3513688700578558,0.758032272118452,0.0012506308226064508,0.17391304347826086,0.8333333333333334,0.25
2025-03-08 04:15:00,0.5514206416709571,0.1568708476634627,0.241974207428682,0.8261661045858983,0.4437189853998519,0.17391304347826086,0.8333333333333334,0.25
2025-03-08 04:20:00,0.7128121497681401,0.42147788865546676,0.4026766450237055,0.20808178876839972,0.2433789203427403,0.17391304347826086,0.8333333333333334,0.25
2025-03-08 04:25:00,0.4362359247956593,0.3731767888734884,0.9316867859619252,0.34413982745108934,0.3469161663375401,0.17391304347826086,0.8333333333333334,0.25
2025-03-08 04:30:00,0.4943351287426119,0.7815958881785267,0.36397081982553103,0.24899091356824732,0.7486561159623105,0.17391304347826086,0.8333333333333334,0.25
2025-03-08 04:35:00,0.4657817427114461,0.6779841074893281,0.3712105376554381,0.8873303476538361,0.2590162598074909,0.17391304347826086,0.8333333333333334,0.25
2025-03-08 04:40:00,0.20651490055859312,0.799014215602435,0.862449843694515,0.8589422309692607,0.3437646687925127,0.17391304347826086,0.8333333333333334,0.25
2025-03-08 04:45:00,0.012268209491614668,0.6489526509177815,0.7968864266273183,0.04770535960404475,0.3274872962797096,0.17391304347826086,0.8333333333333334,0.25
2025-03-08 04:50:00,0.7663920511457913,0.633933938681258,0.35216232612375686,0.5811365263007526,0.37118418755364707,0.17391304347826086,0.8333333333333334,0.25
2025-03-08 04:55:00,0.7794004557930214,0.6164087589626234,0.4131484294071456,0.3872080819127537,0.0064406846079833255,0.17391304347826086,0.8333333333333334,0.25
2025-03-08 05:00:00,0.6665150385549947,0.6333569196649992,0.39287269120516943,0.6834539696495718,0.4450973838870888,0.21739130434782608,0.8333333333333334,0.25
2025-03-08 05:05:00,0.34211803852700196,0.835040154969591,0.10994000393071454,0.1398751980148244,0.6890772602647601,0.21739130434782608,0.8333333333333334,0.25
2025-03-08 05:10:00,0.573404170402485,0.5202985275434592,0.877801537351273,0.684904076983285,0.1673126053145888,0.21739130434782608,0.8333333333333334,0.25
2025-03-08 05:15:00,0.9616209983656621,0.7858679082696912,0.6914289804499943,0.0,0.10274967627250065,0.21739130434782608,0.8333333333333334,0.25
2025-03-08 05:20:00,0.21819530701873924,0.31596553845751496,0.6393958559572483,0.1724383556842949,0.2887928655074322,0.21739130434782608,0.8333333333333334,0.25
2025-03-08 05:25:00,0.536995507268808,0.15686789562184755,0.5622621003214724,0.06551826672268421,0.671400741959915,0.21739130434782608,0.8333333333333334,0.25
2025-03-08 05:30:00,0.24690914667694708,0.2215225649995668,0.6164235514450503,0.8381532017403018,0.34132475590401257,0.21739130434782608,0.8333333333333334,0.25
2025-03-08 05:35:00,0.5666258782505094,0.7550622555051042,1.0,0.4427269088006131,0.4594802409714035,0.21739130434782608,0.8333333333333334,0.25
2025-03-08 05:40:00,0.6892135330962965,0.8436998117517948,0.03233436073299131,0.3799673005100934,0.06150126753349174,0.21739130434782608,0.8333333333333334,0.25
2025-03-08 05:45:00,0.38825776034784676,0.4819473124149819,0.11763649202821333,0.4590109455754062,0.8467181255736153,0.21739130434782608,0.8333333333333334,0.25
2025-03-08 05:50:00,0.044628934707395373,0.4502076141940833,0.15403680285372148,0.5520413983543678,0.4413196009838102,0.21739130434782608,0.8333333333333334,0.25
2025-03-08 05:55:00,0.8194458380663261,0.16911676593464164,0.9143723879545208,0.9424814948883191,0.7394777063217487,0.21739130434782608,0.8333333333333334,0.25
2025-03-08 06:00:00,0.3543382744136889,0.1328947260390556,0.8064460815076645,0.3369823743456538,0.9632636364221436,0.2608695652173913,0.8333333333333334,0.25
2025-03-08 06:05:00,0.06959895433713381,0.01713668342029051,0.5215777686759474,0.22652341743616317,0.8028392395733529,0.2608695652173913,0.8333333333333334,0.25
2025-03-08 06:10:00,0.5717405542637755,0.7389272298316355,0.41291655208098976,0.5527477624598446,0.8800323457942765,0.2608695652173913,0.8333333333333334,0.25
2025-03-08 06:15:00,0.4631894492289692,0.18331567432116347,0.09555040791258315,0.9904749264823892,0.2891086233095092,0.2608695652173913,0.8333333333333334,0.25
2025-03-08 06:20:00,0.05736710754936536,0.6229226822747015,0.18849199190667468,0.49155216415256187,0.36216355347601475,0.2608695652173913,0.8333333333333334,0.25
2025-03-08 06:25:00,0.9496519086486139,0.651709009413174,0.3222492599832475,0.8938812366695799,0.8241076510594044,0.2608695652173913,0.8333333333333334,0.25
2025-03-08 06:30:00,0.17095410838382197,0.6769863378846507,0.5061972206987186,0.3684996565305904,0.1339230919224656,0.2608695652173913,0.8333333333333334,0.25
2025-03-08 06:35:00,0.7874748794454991,0.43892451496106444,0.5656863309967216,0.7728813372249638,0.31507415010426987,0.2608695652173913,0.8333333333333334,0.25
2025-03-08 06:40:00,0.9755635170660479,0.4120704929296505,0.36071830899531987,0.2271817474041366,0.03190018339411429,0.2608695652173913,0.8333333333333334,0.25
2025-03-08 06:45:00,0.5422207107965029,0.5178522687174242,0.11366695890729764,0.4460843108882902,0.8443257013214132,0.2608695652173913,0.8333333333333334,0.25
2025-03-08 06:50:00,0.38644211447583543,0.9561599067293577,0.5078152382909683,0.29315491987538006,0.12488208199511905,0.2608695652173913,0.8333333333333334,0.25
2025-03-08 06:55:00,0.06393408858334482,0.2446425909748936,0.8053330650103452,0.6942807350265557,0.5423082145925833,0.2608695652173913,0.8333333333333334,0.25
2025-03-08 07:00:00,0.45104179142285505,0.20249351522688408,0.21052194803927923,0.12762494291125975,0.4094817701651478,0.30434782608695654,0.8333333333333334,0.25
2025-03-08 07:05:00,0.9974244002042232,0.2329085283809852,0.7412843676531907,0.9162312593719061,0.4292508358353384,0.30434782608695654,0.8333333333333334,0.25
2025-03-08 07:10:00,0.06389026215215754,0.5301777739487005,0.1325375424721187,0.8442037333954723,0.16645210432767865,0.30434782608695654,0.8333333333333334,0.25
2025-03-08 07:15:00,0.4677828319380948,0.09016284765695282,0.9175597433576496,0.23113586113018553,0.06697293348253258,0.30434782608695654,0.8333333333333334,0.25
2025-03-08 07:20:00,0.9509766546318725,0.9452643485117657,0.1943109188538443,0.7264463502488151,0.22758557244616642,0.30434782608695654,0.8333333333333334,0.25
2025-03-08 07:25:00,0.7259922226843449,0.5544907319104838,0.6805549651028224,0.6355394930986399,0.9780510689428286,0.30434782608695654,0.8333333333333334,0.25
2025-03-08 07:30:00,0.7806784516638094,0.402684682505524,0.26434521858118054,0.7506008115887102,0.9725967242928732,0.30434782608695654,0.8333333333333334,0.25
2025-03-08 07:35:00,0.3148662071584052,0.8838525682066755,0.780311420994845,0.5843056994982304,0.43907594894553503,0.30434782608695654,0.8333333333333334,0.25
2025-03-08 07:40:00,0.7942592103159543,0.3417980658511329,0.32044131643370777,0.07335652963342935,0.4078144157893257,0.30434782608695654,0.8333333333333334,0.25
2025-03-08 07:45:00,0.8479404592044233,0.05708277880278956,0.3139155072343286,0.26791799610128575,0.6719932292247323,0.30434782608695654,0.8333333333333334,0.25
2025-03-08 07:50:00,0.8930105014677561,0.4901845131666006,0.22603785577516186,0.3744957214486707,0.5828167845111311,0.30434782608695654,0.8333333333333334,0.25
2025-03-08 07:55:00,0.5163187158969627,0.25896544700023727,0.7204164652167007,0.7138418414105826,0.33879477324914975,0.30434782608695654,0.8333333333333334,0.25
2025-03-08 08:00:00,0.14543512589284813,0.12960274718967202,0.07720056171796977,0.8768763884832436,0.3454088703313938,0.34782608695652173,0.8333333333333334,0.25
2025-03-08 08:05:00,0.5593995313068802,0.35651062768831954,0.8252364372464507,0.6915025925847935,0.9970010380393244,0.34782608695652173,0.8333333333333334,0.25
2025-03-08 08:10:00,0.7509818952437848,0.9594522981279637,0.28268002776470547,0.9317389631108509,0.5355299934848008,0.34782608695652173,0.8333333333333334,0.25
2025-03-08 08:15:00,0.7989633127421301,0.8597782102488906,0.006428385631788047,0.8575590764143365,0.4039722794495571,0.34782608695652173,0.8333333333333334,0.25
2025-03-08 08:20:00,0.5620224104073666,0.023297979964804538,0.35412238204667623,0.754200066970369,0.038379118289529245,0.34782608695652173,0.8333333333333334,0.25
2025-03-08 08:25:00,0.569704480773225,0.1548606789420358,0.24565870546178512,0.8007218668558947,0.4514942391780544,0.34782608695652173,0.8333333333333334,0.25
2025-03-08 08:30:00,0.7109148880588183,0.4024590830452174,0.37455539264441307,0.1944797129415931,0.2696298712621003,0.34782608695652173,0.8333333333333334,0.25
2025-03-08 08:35:00,0.4531287960679191,0.3812229798466603,0.9361744696002042,0.33423828495660346,0.3230444527283951,0.34782608695652173,0.8333333333333334,0.25
2025-03-08 08:40:00,0.5154523011952885,0.7831416231547511,0.36239861418216923,0.2401846480990612,0.7633554157271585,0.34782608695652173,0.8333333333333334,0.25
2025-03-08 08:45:00,0.4551465332590585,0.6818179545243238,0.3665012681895553,0.9191216530277178,0.25266129436642737,0.34782608695652173,0.8333333333333334,0.25
2025-03-08 08:50:00,0.20987980285636598,0.7724255381717585,0.8856025085884974,0.8599128087172598,0.32586904970340297,0.34782608695652173,0.8333333333333334,0.25
2025-03-08 08:55:00,0.03781757439077782,0.6461930974038604,0.8124720291095335,0.04033398678288866,0.3559269270066548,0.34782608695652173,0.8333333333333334,0.25
2025-03-08 09:00:00,0.7766345737087725,0.611988332665005,0.36735289836476726,0.5705579846545006,0.3470753374723922,0.391304347826087,0.8333333333333334,0.25
2025-03-08 09:05:00,0.7778959233084852,0.6420758042438449,0.45067577999672315,0.36129081079260855,0.04950617098043992,0.391304347826087,0.8333333333333334,0.25
2025-03-08 09:10:00,0.6839991191633281,0.6594792645498363,0.41651076977554624,0.6512319784670769,0.47819053211848084,0.391304347826087,0.8333333333333334,0.25
2025-03-08 09:15:00,0.3554960293406597,0.8161224720026853,0.11509387755253161,0.16873029106455706,0.7059354745063029,0.391304347826087,0.8333333333333334,0.25
2025-03-08 09:20:00,0.569085070147695,0.502829172665853,0.8910671770678679,0.6961755487548423,0.16219382191021878,0.391304347826087,0.8333333333333334,0.25
2025-03-08 09:25:00,0.92742453236681,0.8257873076508339,0.7009292896468187,0.020320220385783634,0.11618987969232317,0.391304347826087,0.8333333333333334,0.25
2025-03-08 09:30:00,0.23300079093410764,0.30129748078331453,0.6393639818723991,0.2059394005258654,0.27695564496684416,0.391304347826087,0.8333333333333334,0.25
2025-03-08 09:35:00,0.5393895111492029,0.16232707124305945,0.572763568045073,0.0266194513621721,0.6591709955551658,0.391304347826087,0.8333333333333334,0.25
2025-03-08 09:40:00,0.24650604867110415,0.20584564083717227,0.6029675670147768,0.8386581951586543,0.3529861431782023,0.391304347826087,0.8333333333333334,0.25
2025-03-08 09:45:00,0.5740351843087281,0.7758917358160483,0.9557329630397721,0.482434303523563,0.45854316147536445,0.391304347826087,0.8333333333333334,0.25
2025-03-08 09:50:00,0.6851309826191279,0.8443964963863665,0.0,0.3893071888772049,0.03868390913637187,0.391304347826087,0.8333333333333334,0.25
2025-03-08 09:55:00,0.4011041830608484,0.4807451125217531,0.10557113669659804,0.4711180743304819,0.8534607282133997,0.391304347826087,0.8333333333333334,0.25
2025-03-08 10:00:00,0.03250596096743941,0.4721650081713481,0.15214735161707263,0.5316912462761126,0.4011060139259006,0.43478260869565216,0.8333333333333334,0.25
2025-03-08 10:05:00,0.8553656020812688,0.15862574458392031,0.9220814967797674,0.9402580018791895,0.7268336456640784,0.43478260869565216,0.8333333333333334,0.25
2025-03-08 10:10:00,0.38088165115382244,0.18281650868866595,0.8142850758249531,0.36901877596092414,0.9544955162871036,0.43478260869565216,0.8333333333333334,0.25
2025-03-08 10:15:00,0.10372296248788992,0.0,0.48812391674052336,0.22132025983221482,0.8152374211102819,0.43478260869565216,0.8333333333333334,0.25
2025-03-08 10:20:00,0.5765227569973783,0.7317014724023186,0.4117036349363886,0.5418986444374958,0.9154211575316011,0.43478260869565216,0.8333333333333334,0.25
2025-03-08 10:25:00,0.42755536689254825,0.18009529258366952,0.051760957753360315,1.0000000000000002,0.28839240079909895,0.43478260869565216,0.8333333333333334,0.25
2025-03-08 10:30:00,0.08680643674589272,0.630425361771031,0.20591182026895918,0.4871580135000041,0.3674821150777454,0.43478260869565216,0.8333333333333334,0.25
2025-03-08 10:35:00,0.9707513586648773,0.6662173146263607,0.298744894220343,0.9152508564919891,0.8207042589758815,0.43478260869565216,0.8333333333333334,0.25
2025-03-08 10:40:00,0.1573676928783172,0.6795436248833754,0.4980824268183135,0.3808363030185909,0.1587977354744777,0.43478260869565216,0.8333333333333334,0.25
2025-03-08 10:45:00,0.766516978616079,0.4110187054648845,0.570535988364867,0.757695546601852,0.3194178234737,0.43478260869565216,0.8333333333333334,0.25
2025-03-08 10:50:00,0.9515149803057468,0.426141292378002,0.34847385474130566,0.24694343122733226,0.029444172296712222,0.43478260869565216,0.8333333333333334,0.25
2025-03-08 10:55:00,0.5127565502066984,0.5607180455381301,0.13606118119558566,0.41287965200264426,0.8095425622815474,0.43478260869565216,0.8333333333333334,0.25
2025-03-08 11:00:00,0.39197589719521053,0.9922072746141529,0.5190096362475942,0.2928444167750835,0.1208806032358263,0.4782608695652174,0.8333333333333334,0.25
2025-03-08 11:05:00,0.06636914508088632,0.2565114617641219,0.841522366968903,0.6824252621252831,0.5489969762820278,0.4782608695652174,0.8333333333333334,0.25
2025-03-08 11:10:00,0.46506680230289943,0.23561098922592005,0.1611235384765566,0.12539408620357084,0.41833192608157616,0.4782608695652174,0.8333333333333334,0.25
2025-03-08 11:15:00,0.9806069062278051,0.20799990330848817,0.749309285560373,0.9092264240023105,0.43930626921412197,0.4782608695652174,0.8333333333333334,0.25
2025-03-08 11:20:00,0.06543920783623625,0.5139792169738057,0.1663836875154416,0.8246355336406108,0.1727074499580878,0.4782608695652174,0.8333333333333334,0.25
2025-03-08 11:25:00,0.46207346577388275,0.0668275216290305,0.9286339697908482,0.22526085341001018,0.07477277288276801,0.4782608695652174,0.8333333333333334,0.25
2025-03-08 11:30:00,0.9629335551465603,0.9357795012092732,0.1609792390357481,0.7026813869118104,0.26111794277171807,0.4782608695652174,0.8333333333333334,0.25
2025-03-08 11:35:00,0.720521993836126,0.5510942581539638,0.6908721710506138,0.6221995395021472,0.9523473676063428,0.4782608695652174,0.8333333333333334,0.25
2025-03-08 11:40:00,0.7835893010934134,0.35838141359856,0.2697798019501768,0.7369269006028559,0.964421420876304,0.4782608695652174,0.8333333333333334,0.25
2025-03-08 11:45:00,0.3040584048323627,0.8544515355653822,0.78871486495131,0.6171129559374054,0.4331011360158264,0.4782608695652174,0.8333333333333334,0.25
2025-03-08 11:50:00,0.7856860547295845,0.3560418124299557,0.32817514981571927,0.02323093487583474,0.395940768135966,0.4782608695652174,0.8333333333333334,0.25
2025-03-08 11:55:00,0.8287536377933997,0.044825531413317465,0.3375177478072716,0.2144291291584413,0.6867164453470739,0.4782608695652174,0.8333333333333334,0.25
2025-03-08 12:00:00,0.8977144912818233,0.4878773790846932,0.20974345844465805,0.3698629356381468,0.5613097241889462,0.5217391304347826,0.8333333333333334,0.25
2025-03-08 12:05:00,0.4877903178999774,0.23155536693146928,0.7268976656545615,0.7266490107700139,0.35185195046819656,0.5217391304347826,0.8333333333333334,0.25
2025-03-08 12:10:00,0.11551676934129307,0.16517956521670718,0.07302306804069206,0.8942748483474494,0.3020364031040631,0.5217391304347826,0.8333333333333334,0.25
2025-03-08 12:15:00,0.5451189696843524,0.3404879499358274,0.8253014815556409,0.7177635764497774,0.9922792296848317,0.5217391304347826,0.8333333333333334,0.25
2025-03-08 12:20:00,0.7072682141781406,0.9634087878878738,0.30608784599838335,0.9683731914650678,0.5477642512707032,0.5217391304347826,0.8333333333333334,0.25
2025-03-08 12:25:00,0.779247702971444,0.877716483969755,0.02982666737878406,0.852941099869566,0.3798225057075986,0.5217391304347826,0.8333333333333334,0.25
2025-03-08 12:30:00,0.5500820520187215,0.05825102459061127,0.32941045615399334,0.782736407266466,0.0,0.5217391304347826,0.8333333333333334,0.25
2025-03-08 12:35:00,0.5698379218882565,0.1377167589019691,0.20467377373043108,0.8264804567660451,0.4650770754195467,0.5217391304347826,0.8333333333333334,0.25
2025-03-08 12:40:00,0.7134994273932529,0.4395060725303003,0.40044048897674644,0.21739787414338702,0.24393999313472878,0.5217391304347826,0.8333333333333334,0.25
2025-03-08 12:45:00,0.4357248656460706,0.38829762174905647,0.9199037002745255,0.35907200158303315,0.3243194979091809,0.5217391304347826,0.8333333333333334,0.25
2025-03-08 12:50:00,0.5216365509276191,0.7721674736708765,0.3664503594446029,0.26621823206701295,0.759181637651402,0.5217391304347826,0.8333333333333334,0.25
2025-03-08 12:55:00,0.46857152735075425,0.6896167655866733,0.37872973986876013,0.8951429093666444,0.24548831913235505,0.5217391304347826,0.8333333333333334,0.25
2025-03-08 13:00:00,0.20703127449167824,0.7760901691786123,0.8955959606430096,0.8513402313549338,0.3196360717380835,0.5652173913043478,0.8333333333333334,0.25
2025-03-08 13:05:00,0.0,0.6523886063766052,0.8089185508674669,0.07992664013275073,0.373050934463074,0.5652173913043478,0.8333333333333334,0.25
2025-03-08 13:10:00,0.7895015680292028,0.6370377712990601,0.3916966052773795,0.5726622176345356,0.3299227473352205,0.5652173913043478,0.8333333333333334,0.25
2025-03-08 13:15:00,0.797787285865525,0.6474618507197872,0.4536383960417447,0.3759158029678536,0.04039690481389758,0.5652173913043478,0.8333333333333334,0.25
2025-03-08 13:20:00,0.6389166370721902,0.6603621971268828,0.40586797354026316,0.6680201407989484,0.4410063786737067,0.5652173913043478,0.8333333333333334,0.25
2025-03-08 13:25:00,0.3572886244454401,0.8432271945441495,0.1191056614236409,0.11343395213477368,0.7088825363265512,0.5652173913043478,0.8333333333333334,0.25
2025-03-08 13:30:00,0.5765768336705617,0.5142997503275893,0.8859982362065381,0.6930357082652234,0.16980698475104605,0.5652173913043478,0.8333333333333334,0.25
2025-03-08 13:35:00,0.9370484969387967,0.8130613772335916,0.6949232602220524,0.028453697671083467,0.09771453511341688,0.5652173913043478,0.8333333333333334,0.25
2025-03-08 13:40:00,0.2002109653226194,0.3308549255924752,0.6471674335629573,0.1812921476875331,0.2570158709863097,0.5652173913043478,0.8333333333333334,0.25
2025-03-08 13:45:00,0.5455396207850916,0.16003026086655403,0.5939341570358421,0.010423460712488827,0.6361786618763997,0.5652173913043478,0.8333333333333334,0.25
2025-03-08 13:50:00,0.22524991541666428,0.2401371590762441,0.6180480289738782,0.8407416356551234,0.3435858538404327,0.5652173913043478,0.8333333333333334,0.25
2025-03-08 13:55:00,0.570274982181949,0.7674847957407455,0.9681694002296398,0.44872225839821295,0.46921734238566815,0.5652173913043478,0.8333333333333334,0.25
2025-03-08 14:00:00,0.6845844853703733,0.8433105049336206,0.026703220145682133,0.3578463037018795,0.04862220467005852,0.6086956521739131,0.8333333333333334,0.25
2025-03-08 14:05:00,0.41023753816478337,0.46826649781827545,0.08505617417610176,0.4993457915490177,0.8547881552760063,0.6086956521739131,0.8333333333333334,0.25
2025-03-08 14:10:00,0.033445347468712194,0.4773709491611856,0.1422791763751395,0.528789382591651,0.3941391261088191,0.6086956521739131,0.8333333333333334,0.25
2025-03-08 14:15:00,0.8429340152813292,0.15763530086106436,0.9282323276811698,0.9664972182714479,0.7310646773720187,0.6086956521739131,0.8333333333333334,0.25
2025-03-08 14:20:00,0.37949811656968246,0.1654468746054958,0.8161253787449144,0.3520834512643444,0.9461874175453727,0.6086956521739131,0.8333333333333334,0.25
2025-03-08 14:25:00,0.09198328988378579,0.016297433232732694,0.5163138935309227,0.21062461961423262,0.8563957496216036,0.6086956521739131,0.8333333333333334,0.25
2025-03-08 14:30:00,0.593655819736572,0.7184001660042826,0.41840549923004133,0.5350440853070363,0.8972639460479545,0.6086956521739131,0.8333333333333334,0.25
2025-03-08 14:35:00,0.4599489993985304,0.2066850219764983,0.07873381334453014,0.9918052622423968,0.28922604636882765,0.6086956521739131,0.8333333333333334,0.25
2025-03-08 14:40:00,0.027416582036620785,0.6220334944488436,0.24330469485280168,0.4982367384688011,0.3757434196381704,0.6086956521739131,0.8333333333333334,0.25
2025-03-08 14:45:00,0.96739905706935,0.6500186433244343,0.33918626741995905,0.8949664349851657,0.8098464174383765,0.6086956521739131,0.8333333333333334,0.25
2025-03-08 14:50:00,0.15161397701763168,0.6747281012440888,0.47890477001961596,0.3490416825024228,0.15881200498139303,0.6086956521739131,0.8333333333333334,0.25
2025-03-08 14:55:00,0.7798637233798131,0.4236413415367076,0.5588342327175002,0.7654852454682615,0.3193826071681636,0.6086956521739131,0.8333333333333334,0.25
2025-03-08 15:00:00,0.9605666179674612,0.41099589325766483,0.3640697647645711,0.2459021441483743,0.039134222732778924,0.6521739130434783,0.8333333333333334,0.25
2025-03-08 15:05:00,0.5027846548614185,0.5197541976180665,0.13345163529389661,0.42651197596121515,0.8226488672338774,0.6521739130434783,0.8333333333333334,0.25
2025-03-08 15:10:00,0.35520296691213993,1.0,0.5357808951874062,0.3022795355624844,0.11585759122788317,0.6521739130434783,0.8333333333333334,0.25
2025-03-08 15:15:00,0.05455051784140452,0.2341584011119161,0.8133942380199158,0.7337303614257672,0.5657896136325725,0.6521739130434783,0.8333333333333334,0.25
2025-03-08 15:20:00,0.4361862679360575,0.2280152884480694,0.16072879912359236,0.14166318634149577,0.3921877813823711,0.6521739130434783,0.8333333333333334,0.25
2025-03-08 15:25:00,0.9895704575128623,0.22812269089368098,0.7231974778222421,0.8901192555523852,0.39913300004897373,0.6521739130434783,0.8333333333333334,0.25
2025-03-08 15:30:00,0.08810097220260116,0.5369201945404837,0.1385338300898172,0.8398273583583235,0.17597622743485897,0.6521739130434783,0.8333333333333334,0.25
2025-03-08 15:35:00,0.44603000816174454,0.05418996165942214,0.933734343096487,0.21921380591913303,0.06632527537799804,0.6521739130434783,0.8333333333333334,0.25
2025-03-08 15:40:00,0.9687670858975279,0.9560233925803406,0.17834957228027978,0.7006836475594037,0.24714828443003092,0.6521739130434783,0.8333333333333334,0.25
2025-03-08 15:45:00,0.7230391648817442,0.5407229162328745,0.6841496265611909,0.6240840193306312,0.9566736593028742,0.6521739130434783,0.8333333333333334,0.25
2025-03-08 15:50:00,0.7665060484678943,0.3836980884725648,0.24305945058680997,0.7410210190997901,0.986290311350478,0.6521739130434783,0.8333333333333334,0.25
2025-03-08 15:55:00,0.293913261261759,0.8470003676862209,0.7521869108088106,0.6233498718409054,0.43590319258377364,0.6521739130434783,0.8333333333333334,0.25
2025-03-08 16:00:00,0.8137899863614626,0.36190634899342233,0.341049835737101,0.04967695873124155,0.3854907058545088,0.6956521739130435,0.8333333333333334,0.25
2025-03-08 16:05:00,0.8649066959953076,0.022619343143829074,0.330497420813736,0.22226727607369157,0.6835508802871739,0.6956521739130435,0.8333333333333334,0.25
2025-03-08 16:10:00,0.9179392551100372,0.5069555227263737,0.18643061911416395,0.4232129073361252,0.6010410260210065,0.6956521739130435,0.8333333333333334,0.25
2025-03-08 16:15:00,0.4688382876549255,0.25368096129337847,0.7582944706099465,0.710834103935423,0.30199604055549856,0.6956521739130435,0.8333333333333334,0.25
2025-03-08 16:20:00,0.17826213974807548,0.14724618914312082,0.0559040060636046,0.8710234833239375,0.32122860188042457,0.6956521739130435,0.8333333333333334,0.25
2025-03-08 16:25:00,0.5587140207604926,0.36225805270448086,0.8377425297841626,0.71000394701937,0.9826650689239116,0.6956521739130435,0.8333333333333334,0.25
2025-03-08 16:30:00,0.7240451254601212,0.961887344464624,0.32383709738972877,0.9246141140549454,0.5321604992155966,0.6956521739130435,0.8333333333333334,0.25
2025-03-08 16:35:00,0.7966280729080966,0.8453160512110941,0.026846454789260565,0.8645178746499486,0.43257881738278803,0.6956521739130435,0.8333333333333334,0.25
2025-03-08 16:40:00,0.5755308246702313,0.0684333176848273,0.3124855145633253,0.7326197797130289,0.010660659632711615,0.6956521739130435,0.8333333333333334,0.25
2025-03-08 16:45:00,0.5622436593322604,0.13474890665127026,0.22152249057021814,0.8174473495217794,0.4653969893861599,0.6956521739130435,0.8333333333333334,0.25
2025-03-08 16:50:00,0.6926613966497288,0.4046576100275535,0.4323181307781404,0.17483890833711452,0.20951026183966318,0.6956521739130435,0.8333333333333334,0.25
2025-03-08 16:55:00,0.46129935066579697,0.38800506705896687,0.9302610985784324,0.33995304593067627,0.32675021685479516,0.6956521739130435,0.8333333333333334,0.25
2025-03-08 17:00:00,0.5180940915096337,0.7611260755945665,0.35487259791771175,0.2526909509414521,0.7698498346320178,0.7391304347826086,0.8333333333333334,0.25
2025-03-08 17:05:00,0.44805269689882765,0.6785423116522401,0.3549163557190653,0.9073736239318416,0.26584939084643366,0.7391304347826086,0.8333333333333334,0.25
2025-03-08 17:10:00,0.19475467243450417,0.7577551970261028,0.8878034548905648,0.8755078288487299,0.31682609927842237,0.7391304347826086,0.8333333333333334,0.25
2025-03-08 17:15:00,0.04053001398582268,0.6388191782795941,0.8165406746720445,0.07387902753331974,0.34525522418115556,0.7391304347826086,0.8333333333333334,0.25
2025-03-08 17:20:00,0.7797256922629758,0.6413540952890814,0.38791178406590054,0.570908700750504,0.3426700894232761,0.7391304347826086,0.8333333333333334,0.25
2025-03-08 17:25:00,0.8031341553458988,0.638417937458495,0.4179650413521496,0.3454186196500494,0.009083914848417453,0.7391304347826086,0.8333333333333334,0.25
2025-03-08 17:30:00,0.6613569840188522,0.6648753784544782,0.4045165874592942,0.6534764662129211,0.41668765157365517,0.7391304347826086,0.8333333333333334,0.25
2025-03-08 17:35:00,0.33209456175578467,0.8417219147124736,0.1416395166730969,0.14263286183264556,0.699984130543313,0.7391304347826086,0.8333333333333334,0.25
2025-03-08 17:40:00,0.5671058716988893,0.48977177160877783,0.8778006804931305,0.6841198373541328,0.18228733457947438,0.7391304347826086,0.8333333333333334,0.25
2025-03-08 17:45:00,0.939701689017451,0.8251039627045723,0.704087362300405,0.041355465682908765,0.11975796924851817,0.7391304347826086,0.8333333333333334,0.25
2025-03-08 17:50:00,0.22476502884516414,0.3220213914618698,0.6407386529318334,0.16795992494445167,0.26217463184799883,0.7391304347826086,0.8333333333333334,0.25
2025-03-08 17:55:00,0.5873958167702336,0.15309099930616765,0.5216714177032094,0.05176910189048249,0.6459816328905645,0.7391304347826086,0.8333333333333334,0.25
2025-03-08 18:00:00,0.24132405686489156,0.24257770206221563,0.6077098311811963,0.8218201747384976,0.34026460928189917,0.782608695652174,0.8333333333333334,0.25
2025-03-08 18:05:00,0.5569735743757298,0.7800208261446216,0.9868459613380566,0.46012547704671,0.43021121098361464,0.782608695652174,0.8333333333333334,0.25
2025-03-08 18:10:00,0.6623421757069337,0.8567762890542224,0.012839015332135661,0.37690822575776634,0.031947879955743615,0.782608695652174,0.8333333333333334,0.25
2025-03-08 18:15:00,0.3953990970034664,0.48258436156322715,0.08533433222238138,0.46199007058963715,0.84639905465444,0.782608695652174,0.8333333333333334,0.25
2025-03-08 18:20:00,0.041769560865281274,0.47471882494821893,0.14506862733476508,0.5464493416246554,0.4278173064800123,0.782608695652174,0.8333333333333334,0.25
2025-03-08 18:25:00,0.812981312036682,0.16680335921189127,0.9169474547527462,0.9454141440458376,0.7301249001554062,0.782608695652174,0.8333333333333334,0.25
2025-03-08 18:30:00,0.363136988666549,0.15573408349913043,0.8245493646485617,0.35167064945303095,0.9762089650105572,0.782608695652174,0.8333333333333334,0.25
2025-03-08 18:35:00,0.08955099280625634,0.035289296283999794,0.5007580479956248,0.18324156367505956,0.7947107971656553,0.782608695652174,0.8333333333333334,0.25
2025-03-08 18:40:00,0.5754805615680003,0.728850996160113,0.43346601658910155,0.5251790600753471,0.9006729575802904,0.782608695652174,0.8333333333333334,0.25
2025-03-08 18:45:00,0.4537718620098943,0.22430832216688812,0.08884007553904075,0.9877512823965665,0.2685813861543064,0.782608695652174,0.8333333333333334,0.25
2025-03-08 18:50:00,0.044831473088127405,0.602491623741131,0.23071055730994025,0.49119785927239024,0.3699896296700308,0.782608695652174,0.8333333333333334,0.25
2025-03-08 18:55:00,0.9865627396555539,0.6720305659248363,0.3239196188211765,0.9074092878439975,0.8102573861492981,0.782608695652174,0.8333333333333334,0.25
2025-03-08 19:00:00,0.1584361734978923,0.6868190294017568,0.4835754650625165,0.3791777688887921,0.16312516839221994,0.8260869565217391,0.8333333333333334,0.25
2025-03-08 19:05:00,0.7677779598979932,0.4062164325076284,0.5286019524747998,0.7575824810904712,0.31658988985662523,0.8260869565217391,0.8333333333333334,0.25
2025-03-08 19:10:00,0.9490494516490116,0.4075590111616231,0.3372396355292959,0.2134725771019954,0.02673790305138741,0.8260869565217391,0.8333333333333334,0.25
2025-03-08 19:15:00,0.5463597002610112,0.5041067235364006,0.1262100647913598,0.3935754515449621,0.8273228636919386,0.8260869565217391,0.8333333333333334,0.25
2025-03-08 19:20:00,0.38246783842421794,0.9711204702424997,0.499522977812362,0.3105516012912842,0.08599224544277095,0.8260869565217391,0.8333333333333334,0.25
2025-03-08 19:25:00,0.051692959340347455,0.24469775236106595,0.8059812100143712,0.721833663188183,0.5634753417203103,0.8260869565217391,0.8333333333333334,0.25
2025-03-08 19:30:00,0.45046631645379076,0.22875222259199124,0.16122371019487522,0.13970008369171966,0.4145800249116003,0.8260869565217391,0.8333333333333334,0.25
2025-03-08 19:35:00,1.0,0.24389739177943903,0.7329367308297862,0.9053255331296164,0.4155107518333655,0.8260869565217391,0.8333333333333334,0.25
2025-03-08 19:40:00,0.05250526604065797,0.5293382009854953,0.17351176984650954,0.8594038204857212,0.17684346239199453,0.8260869565217391,0.8333333333333334,0.25
2025-03-08 19:45:00,0.47403111901161155,0.0741126337145146,0.9306750698198608,0.22963179430454622,0.04465786533044174,0.8260869565217391,0.8333333333333334,0.25
2025-03-08 19:50:00,0.9363845774357675,0.9635373628301872,0.1799788854427373,0.7113401366554951,0.2334339282601832,0.8260869565217391,0.8333333333333334,0.25
2025-03-08 19:55:00,0.688049512533214,0.5474169910687884,0.6787510350088765,0.6391479918433058,0.9802437162467834,0.8260869565217391,0.8333333333333334,0.25
2025-03-08 20:00:00,0.7841087672025906,0.3583948619870684,0.2684938569943107,0.7499001293814744,1.0,0.8695652173913043,0.8333333333333334,0.25
2025-03-08 20:05:00,0.26793044812345124,0.8744504184803016,0.7642789943580395,0.6087398745242054,0.44240364616355177,0.8695652173913043,0.8333333333333334,0.25
2025-03-08 20:10:00,0.8137208687747806,0.34442025735449155,0.3465990908836508,0.05816876090644971,0.4051242445967636,0.8695652173913043,0.8333333333333334,0.25
2025-03-08 20:15:00,0.8397838896756884,0.03143834572042292,0.35803904074476467,0.23563551922473558,0.6483493580075553,0.8695652173913043,0.8333333333333334,0.25
2025-03-08 20:20:00,0.9248278681797912,0.47553135023295623,0.18022743469928945,0.3980701275658281,0.5833398517794545,0.8695652173913043,0.8333333333333334,0.25
2025-03-08 20:25:00,0.5286001069322248,0.2517290029347393,0.7153890564960101,0.7024100050164199,0.32602187555047607,0.8695652173913043,0.8333333333333334,0.25
2025-03-08 20:30:00,0.15035123627736047,0.1678125374778301,0.041190102851147464,0.8797216343635805,0.3332147292269059,0.8695652173913043,0.8333333333333334,0.25
2025-03-08 20:35:00,0.5768852892429348,0.36729942543088157,0.8363614971664114,0.71995527137653,0.9692296173916144,0.8695652173913043,0.8333333333333334,0.25
2025-03-08 20:40:00,0.7370057139900341,0.9535834271121274,0.30116185158186926,0.9271011873443237,0.512667345879811,0.8695652173913043,0.8333333333333334,0.25
2025-03-08 20:45:00,0.7863166444353289,0.8683506447133179,0.037855820269587476,0.8407540037307475,0.413106920573695,0.8695652173913043,0.8333333333333334,0.25
2025-03-08 20:50:00,0.5645154494401705,0.06598218806685696,0.3452189969879669,0.7676261972476673,0.022365077821875128,0.8695652173913043,0.8333333333333334,0.25
2025-03-08 20:55:00,0.5418622622216178,0.15325000390981813,0.21911267188449798,0.8116930754661287,0.4391047882670404,0.8695652173913043,0.8333333333333334,0.25
2025-03-08 21:00:00,0.6990192239766331,0.39061224258907823,0.3777009259623384,0.24247765017688605,0.23208557360407375,0.9130434782608695,0.8333333333333334,0.25
2025-03-08 21:05:00,0.43372918857429066,0.3864011470407066,0.9183429006115066,0.3273040353088679,0.3258174946305464,0.9130434782608695,0.8333333333333334,0.25
2025-03-08 21:10:00,0.4952896272808207,0.7775302230088329,0.3701802233035909,0.2617531702782068,0.7410644493218056,0.9130434782608695,0.8333333333333334,0.25
2025-03-08 21:15:00,0.4472723034540165,0.6888880016054052,0.3470496409084619,0.8874939192159809,0.26939163390473253,0.9130434782608695,0.8333333333333334,0.25
2025-03-08 21:20:00,0.21234239174437364,0.7962852319091654,0.8469851598914918,0.8750924037477958,0.36601298828116313,0.9130434782608695,0.8333333333333334,0.25
2025-03-08 21:25:00,0.019321271801493678,0.6660435255169433,0.78473513705867,0.07778669227419949,0.3735468962833547,0.9130434782608695,0.8333333333333334,0.25
2025-03-08 21:30:00,0.7885635828289788,0.6353964883371807,0.3515610790041994,0.5832892904522688,0.348986639995811,0.9130434782608695,0.8333333333333334,0.25
2025-03-08 21:35:00,0.8074287095478665,0.6423614292323648,0.40935155721252625,0.3826146824396956,0.0065222046096389125,0.9130434782608695,0.8333333333333334,0.25
2025-03-08 21:40:00,0.6354322194589987,0.6488374816511923,0.40697960495659313,0.6459213035192756,0.45352304668181076,0.9130434782608695,0.8333333333333334,0.25
2025-03-08 21:45:00,0.38579801639731715,0.832823712915783,0.13460751734656337,0.15359962257547466,0.698866685685259,0.9130434782608695,0.8333333333333334,0.25
2025-03-08 21:50:00,0.5750893919785818,0.4957138891660978,0.8677256318100116,0.6795066158185062,0.1744864873529278,0.9130434782608695,0.8333333333333334,0.25
2025-03-08 21:55:00,0.9224248045282617,0.8162537529405184,0.6895035659428741,0.030835845027621933,0.09948437887764933,0.9130434782608695,0.8333333333333334,0.25
2025-03-08 22:00:00,0.19345386710814605,0.2922170427208718,0.6297926947653009,0.1665253182812989,0.26278318723890415,0.9565217391304348,0.8333333333333334,0.25
2025-03-08 22:05:00,0.5838355316175101,0.1747921953567756,0.5549817852982879,0.018468376673537866,0.6840966486297664,0.9565217391304348,0.8333333333333334,0.25
2025-03-08 22:10:00,0.2414777097366292,0.21550128709845662,0.6007910027149528,0.8270321012435716,0.34191630341919776,0.9565217391304348,0.8333333333333334,0.25
2025-03-08 22:15:00,0.5714716636433264,0.7659250816632809,0.9682688205456503,0.4443878229429945,0.4314861139736609,0.9565217391304348,0.8333333333333334,0.25
2025-03-08 22:20:00,0.6861516538950467,0.8437889870924248,0.027769446620741767,0.3537479859888869,0.052260785805887174,0.9565217391304348,0.8333333333333334,0.25
2025-03-08 22:25:00,0.41509879629196633,0.4942159676984198,0.11860397381235824,0.48889321966662946,0.8129010482186365,0.9565217391304348,0.8333333333333334,0.25
2025-03-08 22:30:00,0.010720807355459216,0.4768224998819329,0.16661520978336383,0.5443041889273269,0.4123165863448937,0.9565217391304348,0.8333333333333334,0.25
2025-03-08 22:35:00,0.8386278196968071,0.1874220171511054,0.9603007015753916,0.958767939532528,0.7237013741599,0.9565217391304348,0.8333333333333334,0.25
2025-03-08 22:40:00,0.3561868665244501,0.18071280562078307,0.82495197072365,0.3204753255281201,0.9606971773665771,0.9565217391304348,0.8333333333333334,0.25
2025-03-08 22:45:00,0.08357134572774427,0.0012389500234958328,0.49745035380243274,0.1981837453071278,0.8286385667845568,0.9565217391304348,0.8333333333333334,0.25
2025-03-08 22:50:00,0.5952688366301402,0.7450278701310221,0.4190599588444849,0.561536335436262,0.883184927881995,0.9565217391304348,0.8333333333333334,0.25
2025-03-08 22:55:00,0.43938467196135544,0.21046435445544143,0.09055703405970586,0.9711534798682712,0.30974850155369155,0.9565217391304348,0.8333333333333334,0.25
2025-03-08 23:00:00,0.05622189744193973,0.625960858694029,0.21954561054908814,0.4963459526056989,0.39209827616320914,1.0,0.8333333333333334,0.25
2025-03-08 23:05:00,0.9392407820513999,0.6513799207143874,0.34606824839097383,0.8928108580100776,0.8180549915102554,1.0,0.8333333333333334,0.25
2025-03-08 23:10:00,0.16140256355809002,0.7029148183959565,0.46978796169796844,0.37072562727514824,0.14781221742639114,1.0,0.8333333333333334,0.25
2025-03-08 23:15:00,0.7965410745506829,0.42198964714197207,0.5632591814585811,0.7575350803152414,0.30292131051728266,1.0,0.8333333333333334,0.25
2025-03-08 23:20:00,0.9465128435841255,0.4369050821693431,0.3462012496664645,0.22722139027526828,0.01807954708902971,1.0,0.8333333333333334,0.25
2025-03-08 23:25:00,0.5088135930218565,0.511717347700506,0.13733693491851376,0.41632465370891203,0.8250171674634863,1.0,0.8333333333333334,0.25
2025-03-08 23:30:00,0.3860436208658271,0.9854353366754011,0.5421324842712099,0.2919382264692144,0.09644543961579366,1.0,0.8333333333333334,0.25
2025-03-08 23:35:00,0.05371338313464702,0.23480891476187538,0.7967711714218502,0.7193340327370881,0.5528763326092853,1.0,0.8333333333333334,0.25
2025-03-08 23:40:00,0.4454630112757054,0.22945830889851992,0.17871191663903954,0.14278075832791437,0.39221895040442084,1.0,0.8333333333333334,0.25
2025-03-08 23:45:00,0.9790800435241902,0.22904633796116036,0.7132203610415819,0.9130248294963341,0.41529039803224277,1.0,0.8333333333333334,0.25
2025-03-08 23:50:00,0.08443426522051745,0.5183934476158979,0.14377368536840499,0.8368517333625966,0.19622514838900573,1.0,0.8333333333333334,0.25
2025-03-08 23:55:00,0.4795514009785806,0.06370906154527745,0.9091955412392781,0.21548087697088592,0.035679634436263936,1.0,0.8333333333333334,0.25
